{"loss": [458278.8800715804, 656884.0534875, 433837.157928125, 298716.64980625, 388853.2618992188, 422904.75798359374, 700217.5454527343, 828077.0306433594, 706665.490918164, 859718.34405625, 481501.38648886717, 845409.3368317382, 845450.4988922004, 1403089.6456426803, 845260.8867620544, 1046343.141150412, 1119463.0306501999, 1032660.1863084168, 1223501.148778003, 875747.8661158752, 876821.2143897705, 1166807.7248586915, 1022362.486318164, 713684.3632773438, 819560.0028539062, 739333.4658554688, 545793.2843796875, 732950.1620085938, 792539.9053867188, 906721.9478035156, 967457.5281800781, 1012823.9677125, 668702.9140908204, 852982.9259062011, 1069548.2419444337, 1023680.350993457, 899333.5324786133, 763440.9602621094, 746565.0121554687, 768315.4238179687, 855671.0387484375, 789714.4193851562, 629222.5662453125, 653741.5454789062, 815971.4216078125, 566455.32876875, 678360.360515625, 489653.16900625, 531809.56909375, 544747.145615625, 487800.818896875, 447763.12027265626, 501083.49220546876, 675435.9475882812, 635801.32485625, 583340.8346046875, 562712.8204171875, 673601.7971070312, 548479.0649, 626550.5607421875, 932896.5590445312, 932776.74059375, 1058842.9446230468, 715767.8831117187, 1050545.1901060548, 704546.6694182617, 822721.4024094726, 722375.821184668, 1171520.6144390136, 917353.4026385742, 1050632.2659519531, 781274.5680996093, 914577.1681550781, 710486.5333515625, 814307.1904625, 719316.2745953125, 693440.37066875, 530946.0262960937, 721821.8522609374, 894890.4662023437, 990151.0861421875, 856026.0513980469, 801506.4968851563, 789489.1286801758, 925462.9730446838, 864887.4188544921, 996789.5691504882, 602567.0935222657, 1023379.4496460938, 571238.648244043, 708557.9769326171, 884908.9038919922, 627021.1742070313, 803162.673353125, 672338.4919375, 985507.5521648438, 893631.5470253907, 700392.2490777344, 852476.7512320313, 895011.3844421875, 542344.6147015624, 555443.1383359375, 495848.7338359375, 455925.87174375, 683844.2218445312], "mae": [401.8404692153568, 5475.716588354492, 20246.01111972656, 32927.924692578126, 48851.5435515625, 60576.4933890625, 67886.8923921875, 72357.247746875, 75190.7571515625, 76974.9256703125, 78467.474121875, 79526.9015625, 80202.0699671875, 81181.1002046875, 82498.6345234375, 83255.04400625, 83694.378784375, 83936.192990625, 83812.4942375, 83262.8778515625, 82241.0356140625, 79949.9407859375, 78265.8595625, 74835.9481171875, 71123.7250296875, 68080.4352640625, 67187.9833015625, 67771.8765796875, 68777.6334640625, 69443.14118125, 70625.396734375, 72263.472353125, 74030.7472171875, 75448.3400421875, 75928.0941140625, 77295.3004984375, 77939.338634375, 75470.2739875, 74024.0252875, 71226.1152, 69675.801884375, 66019.2722765625, 64625.58870546875, 63753.94039375, 61329.27206015625, 58925.715503125, 56199.636409375, 53563.9937109375, 52322.619871875, 52300.4554203125, 52982.204940625, 55196.58860546875, 57732.1955328125, 60411.62424765625, 59895.1214390625, 59248.79907734375, 58093.538146875, 58348.5222953125, 58591.8903734375, 63547.18136796875, 68207.938953125, 71676.11759375, 74349.6906453125, 76248.880975, 77775.8724453125, 78732.00253125, 79080.7290296875, 77673.1026125, 77855.1961, 76620.2198578125, 74242.7007734375, 72944.9510296875, 70989.373215625, 68891.153021875, 65169.16881484375, 61176.94298125, 60453.12331640625, 63537.588834375, 67166.71609765624, 70006.0304515625, 72525.2315359375, 74365.3038953125, 75848.771928125, 77125.1891421875, 78301.5717359375, 79293.2781078125, 77871.2179890625, 75927.914884375, 74610.2940234375, 73846.4804640625, 73234.97130625, 72633.629015625, 71048.869428125, 68193.7779078125, 69276.242590625, 71765.119128125, 73827.802559375, 74679.56203125, 71192.9339390625, 65908.23471328124, 60349.39598125, 56506.4652390625, 52728.39664609375, 52833.1180609375, 59392.30730859375], "mean_q": [402.47557587353043, 7279.856030834961, 24863.156009375, 39736.35531757813, 58986.15476484375, 73048.0239609375, 81788.2991390625, 87118.9236015625, 90508.109828125, 92645.5642453125, 94455.6645421875, 95735.9347578125, 96503.5525421875, 97492.9699015625, 99040.284121875, 99945.679521875, 100467.4286625, 100757.4317203125, 100606.9067125, 99939.736259375, 98697.0554140625, 95951.4458, 93919.67605625, 89803.52261875, 85340.2697421875, 81708.9663859375, 80699.566890625, 81461.9314953125, 82687.471715625, 83537.0463015625, 85018.8265609375, 86984.0802796875, 89082.672678125, 90689.2128359375, 91208.4799609375, 92873.047746875, 93556.2243609375, 90599.253946875, 88821.3366625, 85476.272590625, 83585.818346875, 79200.3154125, 77579.4720078125, 76536.7648328125, 73591.58615625, 70750.149778125, 67464.8383234375, 64301.18537109375, 62833.76469609375, 62832.04179140625, 63670.9631296875, 66339.30986640626, 69427.3673140625, 72589.1868921875, 71907.4900015625, 71105.3947, 69726.0919984375, 70019.510665625, 70424.3961703125, 76460.43845, 82105.5761078125, 86307.2224796875, 89551.1707046875, 91868.235928125, 93695.85385, 94764.2968265625, 95093.4469875, 93367.0451234375, 93443.0679828125, 91952.129975, 89100.5724265625, 87539.6532046875, 85168.6391703125, 82633.733184375, 78153.44045625, 73383.8527171875, 72605.6682328125, 76397.202521875, 80822.857925, 84235.784453125, 87276.785159375, 89521.110134375, 91320.7474703125, 92813.7651515625, 94124.969828125, 95204.4509765625, 93523.621028125, 91194.778853125, 89648.4058890625, 88706.86735625, 87957.273640625, 87238.65100625, 85285.247953125, 81894.3519359375, 83342.885475, 86277.17746875, 88696.8270234375, 89674.6289265625, 85431.4836671875, 79068.5594171875, 72420.9580421875, 67877.50915859375, 63309.3126265625, 63630.475653125, 71634.468015625], "mean_eps": [0.7299999999999786, 0.3250449999999977, 0.10000000000000904, 0.10000000000000904, 0.10000000000000904, 0.10000000000000904, 0.10000000000000904, 0.10000000000000904, 0.10000000000000904, 0.10000000000000904, 0.10000000000000904, 0.10000000000000904, 0.10000000000000904, 0.10000000000000904, 0.10000000000000904, 0.10000000000000904, 0.10000000000000904, 0.10000000000000904, 0.10000000000000904, 0.10000000000000904, 0.10000000000000904, 0.10000000000000904, 0.10000000000000904, 0.10000000000000904, 0.10000000000000904, 0.10000000000000904, 0.10000000000000904, 0.10000000000000904, 0.10000000000000904, 0.10000000000000904, 0.10000000000000904, 0.10000000000000904, 0.10000000000000904, 0.10000000000000904, 0.10000000000000904, 0.10000000000000904, 0.10000000000000904, 0.10000000000000904, 0.10000000000000904, 0.10000000000000904, 0.10000000000000904, 0.10000000000000904, 0.10000000000000904, 0.10000000000000904, 0.10000000000000904, 0.10000000000000904, 0.10000000000000904, 0.10000000000000904, 0.10000000000000904, 0.10000000000000904, 0.10000000000000904, 0.10000000000000904, 0.10000000000000904, 0.10000000000000904, 0.10000000000000904, 0.10000000000000904, 0.10000000000000904, 0.10000000000000904, 0.10000000000000904, 0.10000000000000904, 0.10000000000000904, 0.10000000000000904, 0.10000000000000904, 0.10000000000000904, 0.10000000000000904, 0.10000000000000904, 0.10000000000000904, 0.10000000000000904, 0.10000000000000904, 0.10000000000000904, 0.10000000000000904, 0.10000000000000904, 0.10000000000000904, 0.10000000000000904, 0.10000000000000904, 0.10000000000000904, 0.10000000000000904, 0.10000000000000904, 0.10000000000000904, 0.10000000000000904, 0.10000000000000904, 0.10000000000000904, 0.10000000000000904, 0.10000000000000904, 0.10000000000000904, 0.10000000000000904, 0.10000000000000904, 0.10000000000000904, 0.10000000000000904, 0.10000000000000904, 0.10000000000000904, 0.10000000000000904, 0.10000000000000904, 0.10000000000000904, 0.10000000000000904, 0.10000000000000904, 0.10000000000000904, 0.10000000000000904, 0.10000000000000904, 0.10000000000000904, 0.10000000000000904, 0.10000000000000904, 0.10000000000000904, 0.10000000000000904, 0.10000000000000904],